{
  "project_info": {
    "project_number": "677197574996",
    "project_id": "puskesmom-d053c",
    "storage_bucket": "puskesmom-d053c.firebasestorage.app"
  },
  "client": [
    {
      "client_info": {
        "mobilesdk_app_id": "1:677197574996:android:f96a2cefef01026cd2cec1",
        "android_client_info": {
          "package_name": "com.example.puskesmom"
        }
      },
      "oauth_client": [],
      "api_key": [
        {
          "current_key": "AIzaSyDw0pFnXYGdlzLIXPoMzlMUuPC7w0JXNN4"
        }
      ],
      "services": {
        "appinvite_service": {
          "other_platform_oauth_client": []
        }
      }
    }
  ],
  "configuration_version": "1"
}